meeting,model,recordings,completed,failed_or_unsupported,invalid_output,wer,cpwer,tcpwer,der,speech_time_coverage,wall_seconds_completed,rtf_completed,wall_seconds_attempted,rtf_attempted,max_cuda_allocated_bytes,max_cuda_reserved_bytes,timing_sources,generation_limit_hits,mean_first_text_seconds,p95_chunk_emission_lag_seconds
EN2002a,moss,9,9,0,0,0.33922955974842767,0.29965932914046123,0.3069968553459119,0.2889661042738686,0.9022745263602299,219.9182906098431,0.10263561319875361,219.9182906098431,0.10263561319875361,2585700352,2843738112,native,0,,
ES2004a,moss,5,5,0,0,0.27365246890312855,0.34602336977007164,0.36977007161703734,0.27784455778997946,0.9196281149185862,73.85882533516269,0.07038499585981284,73.85882533516269,0.07038499585981284,2483481600,2627731456,native,0,,
IS1009a,moss,4,4,0,0,0.2844400396432111,0.2259663032705649,0.24132804757185333,0.19808880586291136,0.945348145209284,55.76673191494774,0.06646830816272459,55.76673191494774,0.06646830816272459,2482547712,2627731456,native,0,,
TS3003a,moss,7,7,0,0,0.23875295974743488,0.27624309392265195,0.2888713496448303,0.23983297659566885,0.8275329720887431,74.02247875800822,0.04916337883168539,74.02247875800822,0.04916337883168539,2489553408,2627731456,native,0,,
EN2002a,vibevoice,9,8,1,1,0.43618972746331236,0.4513888888888889,0.4557127882599581,0.46047812280160977,0.8385825109504461,349.0613300370751,0.18345488524072423,1021.724994793185,0.47683787951559464,21213673984,22735224832,native,1,,
ES2004a,vibevoice,5,5,0,0,0.317753486618922,0.38899359215981905,0.4067093856012062,0.33105920318811344,0.9328244468717453,144.73104511701968,0.1379238562909833,144.73104511701968,0.1379238562909833,21213673984,22735224832,native,0,,
IS1009a,vibevoice,4,4,0,0,0.2641228939544103,0.27750247770069375,0.29038652130822595,0.29560281649662357,0.9660946902069696,110.09622749791015,0.13122357587755698,110.09622749791015,0.13122357587755698,21213673984,22735224832,native,0,,
TS3003a,vibevoice,7,7,0,0,0.3287292817679558,0.38752959747434884,0.4084451460142068,0.2796238464507523,0.929301707391882,147.5895125650568,0.09802426559560028,147.5895125650568,0.09802426559560028,21213673984,22735224832,native,0,,
EN2002a,qwen_pyannote,9,9,0,0,0.3625524109014675,0.4939727463312369,0.5246331236897275,0.2562612142625635,0.9598221047284826,86.4619039108511,0.04035167107571511,86.4619039108511,0.04035167107571511,7633226752,8470396928,forced_alignment,0,,
ES2004a,qwen_pyannote,5,5,0,0,0.3094609875612514,0.391255182811911,0.41424802110817943,0.251880895140942,0.9124833696370057,34.60328300495166,0.032975773984858354,34.60328300495166,0.032975773984858354,7633226752,8470396928,forced_alignment,0,,
IS1009a,qwen_pyannote,4,4,0,0,0.28543111992071357,0.36273538156590684,0.39544103072348863,0.2358165684724819,0.9696602443298288,26.87149290391244,0.03202810367037074,26.87149290391244,0.03202810367037074,7633226752,8470396928,forced_alignment,0,,
TS3003a,qwen_pyannote,7,7,0,0,0.34964483030781374,0.4123914759273875,0.4419889502762431,0.22624197827604012,0.8745988715366532,35.61262036196422,0.023652771096304624,35.61262036196422,0.023652771096304624,7633226752,8470396928,forced_alignment,0,,
EN2002a,qwen_nemotron,9,9,0,0,0.3625524109014675,0.44457547169811323,0.4559748427672956,0.3151533834467602,0.8155469945643564,73.90697132900823,0.03449229848495353,73.90697132900823,0.03449229848495353,6577740288,6887047168,forced_alignment,0,,
ES2004a,qwen_nemotron,5,5,0,0,0.3094609875612514,0.3663776856388994,0.3856012061816811,0.30622786784055206,0.7920593390403128,28.93934514420107,0.027578230210365425,28.93934514420107,0.027578230210365425,6577740288,7031750656,forced_alignment,0,,
IS1009a,qwen_nemotron,4,4,0,0,0.28543111992071357,0.3354806739345887,0.354806739345887,0.22240264405805402,0.8607915096211068,21.82112205901649,0.026008572058467096,21.82112205901649,0.026008572058467096,6577740288,6884950016,forced_alignment,0,,
TS3003a,qwen_nemotron,7,7,0,0,0.34964483030781374,0.39779005524861877,0.4218626677190213,0.3680343559812999,0.6657294755137511,26.794901254819706,0.017796322188221594,26.794901254819706,0.017796322188221594,6577740288,6884950016,forced_alignment,0,,
EN2002a,vibevoice_streaming,9,9,0,0,0.4240041928721174,0.5186058700209644,,,,2147.9263924539555,1.0024347760432772,2147.9263924539555,1.0024347760432772,17724004352,17943232512,unavailable,0,3.928376618992641,1.334244896005842
ES2004a,vibevoice_streaming,5,5,0,0,0.4266867696946853,0.5506973237843951,,,,1050.8821167660644,1.0014555891199224,1050.8821167660644,1.0014555891199224,17707069440,17943232512,unavailable,0,4.412590204761363,1.2863507451128697
IS1009a,vibevoice_streaming,4,4,0,0,0.40733399405351833,0.6110009910802775,,,,840.0018163890345,1.0011972671116685,840.0018163890345,1.0011972671116685,17731132416,17943232512,unavailable,0,9.65032307774527,1.2475228225983086
TS3003a,vibevoice_streaming,7,7,0,0,0.4597474348855564,0.5560378847671665,,,,1506.70670358988,1.0007067271955588,1506.70670358988,1.0007067271955588,17691554816,17943232512,unavailable,0,8.418382950858879,1.0462766479700818
