model,recording,status,reference_speakers,predicted_speakers,cpwer_errors,reference_words,wall_seconds,rtf
moss,ES2004a-0,ok,3,3,120,326,11.998052185052074,0.04999188410438364
moss,ES2004a-3840000,ok,4,6,254,462,15.441767027019523,0.06434069594591468
moss,ES2004a-7680000,ok,4,5,335,696,20.37345576705411,0.08488939902939213
moss,ES2004a-11520000,ok,4,5,160,871,19.292341792024672,0.08038475746676947
moss,ES2004a-15360000,ok,4,3,49,298,6.753208564012311,0.07557755225781873
moss,IS1009a-0,ok,4,4,112,365,11.354812288074754,0.047311717866978145
moss,IS1009a-3840000,ok,4,4,109,511,15.435619397903793,0.06431508082459914
moss,IS1009a-7680000,ok,4,4,156,915,20.219991555903107,0.08424996481626294
moss,IS1009a-11520000,ok,4,4,79,227,8.756308673066087,0.07358408764959365
moss,TS3003a-0,ok,4,4,130,463,12.93854119896423,0.05391058832901763
moss,TS3003a-3840000,ok,3,2,69,527,11.401669987943023,0.04750695828309593
moss,TS3003a-7680000,ok,4,2,127,352,8.55711054103449,0.03565462725431037
moss,TS3003a-11520000,ok,3,3,90,151,6.250192572013475,0.026042469050056145
moss,TS3003a-15360000,ok,4,3,118,362,10.91834967106115,0.04549312362942146
moss,TS3003a-19200000,ok,4,4,153,615,20.954138592001982,0.08730891080000826
moss,TS3003a-23040000,ok,4,2,13,64,3.0024761949898675,0.0457397338237139
moss,EN2002a-0,ok,4,5,189,810,21.134286482003517,0.08805952700834799
moss,EN2002a-3840000,ok,4,5,171,944,22.454108920064755,0.09355878716693648
moss,EN2002a-7680000,ok,4,5,261,921,27.069665706017986,0.11279027377507495
moss,EN2002a-11520000,ok,4,4,369,884,24.81508017401211,0.10339616739171713
moss,EN2002a-15360000,ok,4,4,262,880,25.941063423990272,0.10808776426662613
moss,EN2002a-19200000,ok,4,4,177,816,19.300115797901526,0.08041714915792303
moss,EN2002a-23040000,ok,4,4,228,658,22.14900262199808,0.092287510924992
moss,EN2002a-26880000,ok,4,7,350,880,27.234956885920838,0.11347898702467016
moss,EN2002a-30720000,ok,4,4,280,839,29.820010597934015,0.13389652141017422
vibevoice,ES2004a-0,ok,3,3,98,326,20.436787524959072,0.08515328135399614
vibevoice,ES2004a-3840000,ok,4,4,230,462,33.214962223079056,0.13839567592949606
vibevoice,ES2004a-7680000,ok,4,4,287,696,42.48885012790561,0.17703687553294004
vibevoice,ES2004a-11520000,ok,4,4,208,871,35.41107874305453,0.1475461614293939
vibevoice,ES2004a-15360000,ok,4,2,209,298,13.179366498021409,0.14749496491744107
vibevoice,IS1009a-0,ok,4,4,89,365,25.652107259025797,0.10688378024594082
vibevoice,IS1009a-3840000,ok,4,3,138,511,35.31590824597515,0.14714961769156312
vibevoice,IS1009a-7680000,ok,4,4,260,915,36.06194813293405,0.15025811722055854
vibevoice,IS1009a-11520000,ok,4,2,73,227,13.066263859975152,0.10980301643346063
vibevoice,TS3003a-0,ok,4,2,190,463,26.51543197897263,0.11048096657905263
vibevoice,TS3003a-3840000,ok,3,1,114,527,21.904225487960503,0.09126760619983543
vibevoice,TS3003a-7680000,ok,4,2,183,352,22.214038475998677,0.0925584936499945
vibevoice,TS3003a-11520000,ok,3,1,166,151,13.188267076038755,0.05495111281682815
vibevoice,TS3003a-15360000,ok,4,3,119,362,25.051243661087938,0.10438018192119974
vibevoice,TS3003a-19200000,ok,4,3,184,615,35.23537741799373,0.1468140725749739
vibevoice,TS3003a-23040000,ok,4,1,26,64,3.48092846700456,0.05302847756323822
vibevoice,EN2002a-0,ok,4,4,279,810,39.53627448307816,0.16473447701282568
vibevoice,EN2002a-3840000,ok,4,4,237,944,38.805101130041294,0.16168792137517204
vibevoice,EN2002a-7680000,ok,4,4,362,921,46.10492714995053,0.19210386312479386
vibevoice,EN2002a-11520000,ok,4,4,309,884,47.63304666604381,0.19847102777518255
vibevoice,EN2002a-15360000,ok,4,4,389,880,47.25126819103025,0.1968802841292927
vibevoice,EN2002a-19200000,invalid_output,4,0,816,816,672.6636647561099,2.8027652698171246
vibevoice,EN2002a-23040000,ok,4,3,315,658,40.34286209999118,0.16809525874996326
vibevoice,EN2002a-26880000,ok,4,4,348,880,44.85373762995005,0.18689057345812518
vibevoice,EN2002a-30720000,ok,4,4,390,839,44.53411268698983,0.19996514599796184
qwen_pyannote,ES2004a-0,ok,3,3,107,326,6.318751904997043,0.026328132937487682
qwen_pyannote,ES2004a-3840000,ok,4,5,265,462,6.15701885393355,0.025654245224723128
qwen_pyannote,ES2004a-7680000,ok,4,5,309,696,8.240600521909073,0.03433583550795447
qwen_pyannote,ES2004a-11520000,ok,4,4,262,871,10.032781492103823,0.04180325621709926
qwen_pyannote,ES2004a-15360000,ok,4,4,95,298,3.854130232008174,0.04313293840357479
qwen_pyannote,IS1009a-0,ok,4,6,152,365,6.143327087978832,0.0255971961999118
qwen_pyannote,IS1009a-3840000,ok,4,5,202,511,6.93438468396198,0.02889326951650825
qwen_pyannote,IS1009a-7680000,ok,4,5,310,915,10.383396719000302,0.043264152995834596
qwen_pyannote,IS1009a-11520000,ok,4,4,68,227,3.410384412971325,0.028659339789470665
qwen_pyannote,TS3003a-0,ok,4,2,178,463,6.449696947005577,0.026873737279189906
qwen_pyannote,TS3003a-3840000,ok,3,2,129,527,7.41255462996196,0.030885644291508165
qwen_pyannote,TS3003a-7680000,ok,4,2,186,352,4.564381561009213,0.019018256504205057
qwen_pyannote,TS3003a-11520000,ok,3,4,121,151,3.3890572380041704,0.014121071825017376
qwen_pyannote,TS3003a-15360000,ok,4,4,132,362,5.189314148039557,0.021622142283498156
qwen_pyannote,TS3003a-19200000,ok,4,4,274,615,7.507568381959572,0.03128153492483155
qwen_pyannote,TS3003a-23040000,ok,4,2,25,64,1.1000474559841678,0.016758127146563193
qwen_pyannote,EN2002a-0,ok,4,5,364,810,9.563512601074763,0.039847969171144845
qwen_pyannote,EN2002a-3840000,ok,4,4,308,944,10.91227789898403,0.045467824579100126
qwen_pyannote,EN2002a-7680000,ok,4,5,464,921,9.989113154937513,0.04162130481223964
qwen_pyannote,EN2002a-11520000,ok,4,5,421,884,10.536543276975863,0.0439022636540661
qwen_pyannote,EN2002a-15360000,ok,4,5,477,880,9.389166775974445,0.03912152823322686
qwen_pyannote,EN2002a-19200000,ok,4,5,292,816,9.538886009948328,0.0397453583747847
qwen_pyannote,EN2002a-23040000,ok,4,5,381,658,7.828243431984447,0.032617680966601864
qwen_pyannote,EN2002a-26880000,ok,4,5,470,880,9.824709768989123,0.040936290704121345
qwen_pyannote,EN2002a-30720000,ok,4,4,593,839,8.879450991982594,0.03987012667061095
qwen_nemotron,ES2004a-0,ok,3,5,116,326,5.504523655050434,0.02293551522937681
qwen_nemotron,ES2004a-3840000,ok,4,5,241,462,4.74907996901311,0.01978783320422129
qwen_nemotron,ES2004a-7680000,ok,4,5,282,696,6.742513419012539,0.028093805912552245
qwen_nemotron,ES2004a-11520000,ok,4,4,247,871,8.597582820104435,0.03582326175043515
qwen_nemotron,ES2004a-15360000,ok,4,4,86,298,3.345645281020552,0.0374423029683871
qwen_nemotron,IS1009a-0,ok,4,5,107,365,4.695210867095739,0.01956337861289891
qwen_nemotron,IS1009a-3840000,ok,4,4,194,511,5.509292826987803,0.022955386779115846
qwen_nemotron,IS1009a-7680000,ok,4,5,296,915,8.944438826991245,0.03726849511246352
qwen_nemotron,IS1009a-11520000,ok,4,5,80,227,2.6721795379417017,0.022455797377287
qwen_nemotron,TS3003a-0,ok,4,5,182,463,4.998786915908568,0.020828278816285697
qwen_nemotron,TS3003a-3840000,ok,3,4,127,527,6.00101657200139,0.02500423571667246
qwen_nemotron,TS3003a-7680000,ok,4,3,189,352,3.2448140420019627,0.013520058508341511
qwen_nemotron,TS3003a-11520000,ok,3,4,111,151,1.9471477780025452,0.008113115741677272
qwen_nemotron,TS3003a-15360000,ok,4,4,131,362,3.8623365820385516,0.016093069091827297
qwen_nemotron,TS3003a-19200000,ok,4,5,245,615,5.972476606955752,0.024885319195648965
qwen_nemotron,TS3003a-23040000,ok,4,3,23,64,0.7683227579109371,0.011704631828951647
qwen_nemotron,EN2002a-0,ok,4,5,340,810,8.18777602899354,0.03411573345413975
qwen_nemotron,EN2002a-3840000,ok,4,5,311,944,9.498530042008497,0.03957720850836874
qwen_nemotron,EN2002a-7680000,ok,4,5,423,921,8.566956112044863,0.0356956504668536
qwen_nemotron,EN2002a-11520000,ok,4,5,388,884,9.134772190009244,0.03806155079170518
qwen_nemotron,EN2002a-15360000,ok,4,5,444,880,8.050368301104754,0.033543201254603146
qwen_nemotron,EN2002a-19200000,ok,4,5,278,816,8.114001677953638,0.033808340324806826
qwen_nemotron,EN2002a-23040000,ok,4,5,352,658,6.443987590027973,0.02684994829178322
qwen_nemotron,EN2002a-26880000,ok,4,5,409,880,8.357006207923405,0.03482085919968085
qwen_nemotron,EN2002a-30720000,ok,4,5,448,839,7.553573178942315,0.03391672747921957
vibevoice_streaming,ES2004a-0,ok,3,2,137,326,240.1692901731003,1.0007053757212512
vibevoice_streaming,ES2004a-3840000,ok,4,4,422,462,240.14708806399722,1.0006128669333216
vibevoice_streaming,ES2004a-7680000,ok,4,4,349,696,240.36514744802844,1.0015214477001184
vibevoice_streaming,ES2004a-11520000,ok,4,3,410,871,240.41616702498868,1.0017340292707861
vibevoice_streaming,ES2004a-15360000,ok,4,3,143,298,89.78442405594978,1.0048093342159559
vibevoice_streaming,IS1009a-0,ok,4,3,154,365,240.1432355910074,1.0005968149625308
vibevoice_streaming,IS1009a-3840000,ok,4,3,155,511,240.2512589910766,1.0010469124628192
vibevoice_streaming,IS1009a-7680000,ok,4,3,862,915,240.53068408893887,1.002211183703912
vibevoice_streaming,IS1009a-11520000,ok,4,3,62,227,119.07663771801163,1.0006666135255082
vibevoice_streaming,TS3003a-0,ok,4,3,314,463,240.19692111201584,1.0008205046333993
vibevoice_streaming,TS3003a-3840000,ok,3,2,212,527,240.21463068691082,1.000894294528795
vibevoice_streaming,TS3003a-7680000,ok,4,3,228,352,240.10596662096214,1.0004415275873422
vibevoice_streaming,TS3003a-11520000,ok,3,2,176,151,240.10549130104482,1.0004395470876868
vibevoice_streaming,TS3003a-15360000,ok,4,2,183,362,240.19599770498462,1.0008166571041026
vibevoice_streaming,TS3003a-19200000,ok,4,4,259,615,240.17897899099626,1.0007457457958178
vibevoice_streaming,TS3003a-23040000,ok,4,2,37,64,65.70871717296541,1.0010068484154224
vibevoice_streaming,EN2002a-0,ok,4,4,307,810,240.54353335802443,1.0022647223251018
vibevoice_streaming,EN2002a-3840000,ok,4,4,287,944,240.7974944829475,1.003322893678948
vibevoice_streaming,EN2002a-7680000,ok,4,4,383,921,240.5843456760049,1.0024347736500203
vibevoice_streaming,EN2002a-11520000,ok,4,4,398,884,240.64045492908917,1.0026685622045381
vibevoice_streaming,EN2002a-15360000,ok,4,3,574,880,240.6746633889852,1.0028110974541051
vibevoice_streaming,EN2002a-19200000,ok,4,4,252,816,240.57993092597462,1.0024163788582277
vibevoice_streaming,EN2002a-23040000,ok,4,1,764,658,240.4144622120075,1.0017269258833645
vibevoice_streaming,EN2002a-26880000,ok,4,4,411,880,240.71321901795454,1.002971745908144
vibevoice_streaming,EN2002a-30720000,ok,4,3,582,839,222.9782884629676,1.0012074635967507
